<application>
  <component name="ProjectManager">
    <defaultProject>
      <component name="PropertiesComponent">{
  &quot;keyToString&quot;: {
    &quot;last_opened_file_path&quot;: &quot;D:/Загрузки/Programming/homework&quot;
  }
}</component>
      <component name="WindowStateProjectService">
        <state x="260" y="277" key="FileChooserDialogImpl" timestamp="1745946438729">
          <screen x="0" y="0" width="1920" height="1040" />
        </state>
        <state x="260" y="277" key="FileChooserDialogImpl/0.0.1920.1040" timestamp="1745946438729" />
      </component>
    </defaultProject>
  </component>
</application>